SchoolYear|DistrictCode|Gradelevel|All.Students|Female|Male|Gender.X|American.Indian.Alaskan.Native|Asian|Black.African.American|Hispanic.Latino.of.any.race.s.|Native.Hawaiian.Other.Pacific.Islander|Two.or.More.Races|White|English.Language.Learners|Non.English.Language.Learners|Foster.Care|Non.Foster.Care|Highly.Capable|Non.Highly.Capable|Homeless|Non.Homeless|Low.Income|Non.Low.Income|Migrant|Non.Migrant|Military.Parent|Non.Military.Parent|Mobile|Non.Mobile|Section.504|Non.Section.504|Students.with.Disabilities|Students.without.Disabilities|ERDC.DistrictTTL|Horizons.Partner
2014-15|05402|12th Grade|117|61|56|0|13|0|0|33|0|11|60|2|115|0|0|1|116|11|106|64|53|1|116|0|117|16|101|1|116|27|90|Quillayute Valley|West Sound STEM
2015-16|05402|12th Grade|89|42|47|0|10|3|0|27|0|6|43|2|87|0|0|6|83|3|86|45|44|0|89|0|89|8|81|3|86|18|71|Quillayute Valley|West Sound STEM
2016-17|05402|12th Grade|115|49|66|0|9|1|0|35|0|17|53|7|108|0|0|3|112|5|110|60|55|1|114|0|115|12|103|3|112|32|83|Quillayute Valley|West Sound STEM
2017-18|05402|12th Grade|95|46|49|0|16|0|1|28|0|9|41|7|88|0|0|7|88|8|87|61|34|1|94|1|94|7|88|2|93|20|75|Quillayute Valley|West Sound STEM
2018-19|05402|12th Grade|91|39|52|0|9|0|0|21|0|7|54|3|88|0|0|9|82|4|87|52|39|1|90|0|91|3|88|2|89|18|73|Quillayute Valley|West Sound STEM
2019-20|05402|12th Grade|86|53|33|0|3|2|0|30|0|8|43|2|84|0|0|5|81|3|83|48|38|1|85|0|86|7|79|5|81|18|68|Quillayute Valley|West Sound STEM
2020-21|05402|12th Grade|82|36|46|0|8|1|1|29|0|1|42|9|73|0|0|8|74|3|79|52|30|5|77|0|82|1|81|6|76|16|66|Quillayute Valley|West Sound STEM
2021-22|05402|12th Grade|75|37|38|0|3|1|0|29|0|4|38|9|66|0|0|7|68|4|71|59|16|3|72|1|74|7|68|4|71|18|57|Quillayute Valley|West Sound STEM
2022-23|05402|12th Grade|76|32|44|0|1|0|0|26|0|8|41|9|67|0|0|10|66|0|76|35|41|2|74|1|75|7|69|5|71|17|59|Quillayute Valley|West Sound STEM
2023-24|05402|12th Grade|75|33|42|0|6|0|0|28|0|8|33|9|66|0|0|7|68|4|71|44|31|2|73|0|75|8|67|6|69|18|57|Quillayute Valley|West Sound STEM
2024-25|05402|12th Grade|89|49|39|1|4|1|0|34|0|10|39|7|82|0|0|5|84|3|86|47|42|4|85|0|89|8|81|7|82|10|79|Quillayute Valley|West Sound STEM
2014-15|07002|12th Grade|41|24|17|0|2|1|0|3|0|0|35|0|41|0|0|1|40|0|41|26|15|0|41|0|41|2|39|3|38|6|35|Dayton|United Way of the Blue Mountains
2014-15|08401|12th Grade|113|54|59|0|3|3|0|14|1|4|88|2|111|0|0|5|108|0|113|46|67|0|113|0|113|15|98|4|109|13|100|Castle Rock|ESD 112
2014-15|08402|12th Grade|69|47|22|0|0|0|1|2|0|2|64|0|69|0|0|0|69|3|66|30|39|0|69|0|69|3|66|8|61|2|67|Kalama|ESD 112
2014-15|17401|12th Grade|1547|725|822|0|14|257|161|497|49|141|428|145|1402|0|1540|46|1501|66|1481|899|648|2|1545|0|1547|117|1430|48|1499|253|1294|Highline|Puget Sound ESD
2014-15|17406|12th Grade|250|116|134|0|2|83|57|48|9|6|45|74|176|0|250|11|239|17|233|188|62|1|249|0|250|26|224|2|248|26|224|Tukwila|Puget Sound ESD
2014-15|23403|12th Grade|233|117|116|0|2|3|7|23|0|20|178|9|224|0|0|3|230|10|223|111|122|1|232|0|233|18|215|12|221|44|189|North Mason|West Sound STEM
2014-15|05121|12th Grade|354|167|187|0|14|10|1|22|0|37|270|0|354|0|351|0|354|6|348|164|190|0|354|0|354|22|332|13|341|55|299|Port Angeles|West Sound STEM
2014-15|05313|12th Grade|18|7|11|0|1|0|0|0|0|0|17|0|18|0|0|0|18|0|18|8|10|0|18|0|18|0|18|0|18|3|15|Crescent|West Sound STEM
2014-15|05323|12th Grade|282|139|143|0|4|5|0|45|1|30|197|1|281|0|282|10|272|12|270|106|176|0|282|0|282|20|262|7|275|41|241|Sequim|West Sound STEM
2014-15|05401|12th Grade|41|20|21|0|14|0|0|7|0|12|8|0|41|0|0|0|41|0|41|21|20|0|41|0|41|1|40|1|40|2|39|Cape Flattery|West Sound STEM
2014-15|06098|12th Grade|176|79|97|0|0|4|0|2|0|3|167|0|176|0|0|8|168|3|173|36|140|0|176|0|176|5|171|6|170|15|161|Hockinson|ESD 112
2014-15|16048|12th Grade|20|9|11|0|0|0|0|0|0|4|16|0|20|0|0|0|20|0|20|7|13|0|20|0|20|3|17|0|20|3|17|Quilcene|West Sound STEM
2014-15|16050|12th Grade|125|59|66|0|0|2|1|8|0|9|105|1|124|0|121|0|125|0|125|47|78|1|124|0|125|11|114|4|121|20|105|Port Townsend|West Sound STEM
2014-15|17210|12th Grade|1887|960|927|0|12|317|246|382|94|151|685|92|1795|0|1882|0|1887|15|1872|1041|846|2|1885|0|1887|162|1725|53|1834|213|1674|Federal Way|Puget Sound ESD
2014-15|30303|12th Grade|82|37|45|0|5|3|2|8|1|1|62|0|82|0|79|2|80|2|80|34|48|0|82|0|82|4|78|4|78|10|72|Stevenson-Carson|ESD 112
2014-15|36402|12th Grade|24|12|12|0|0|0|1|20|0|0|3|3|21|0|0|0|24|0|24|24|0|4|20|0|24|3|21|0|24|2|22|Prescott|United Way of the Blue Mountains
2014-15|20400|12th Grade|13|6|7|0|0|0|0|1|0|0|12|0|13|0|0|0|13|0|13|0|13|0|13|0|13|2|11|0|13|3|10|Trout Lake|ESD 112
2014-15|20401|12th Grade|3|2|1|0|0|0|0|0|0|0|3|0|3|0|0|0|3|0|3|1|2|0|3|0|3|0|3|0|3|0|3|Glenwood|ESD 112
2014-15|20402|12th Grade|9|4|5|0|0|0|0|0|0|0|9|0|9|0|0|0|9|0|9|4|5|0|9|0|9|1|8|0|9|4|5|Klickitat|ESD 112
2014-15|20405|12th Grade|103|43|60|0|0|2|0|26|0|3|72|8|95|0|0|0|103|3|100|45|58|2|101|0|103|9|94|2|101|17|86|White Salmon Valley|ESD 112
2014-15|20406|12th Grade|13|7|6|0|1|0|0|2|0|0|10|0|13|0|0|0|13|4|9|7|6|1|12|0|13|2|11|0|13|4|9|Lyle|ESD 112
2014-15|35200|12th Grade|56|27|29|0|1|0|1|4|0|2|48|0|56|0|0|0|56|2|54|25|31|0|56|0|56|5|51|2|54|25|31|Wahkiakum|ESD 112
2014-15|36140|12th Grade|637|312|325|0|0|7|10|193|0|9|418|15|622|0|634|0|637|29|608|300|337|9|628|0|637|67|570|17|620|74|563|Walla Walla|United Way of the Blue Mountains
2014-15|36250|12th Grade|65|33|32|0|0|3|1|7|0|0|54|0|65|0|65|0|65|0|65|0|65|0|65|0|65|1|64|0|65|0|65|College Place|United Way of the Blue Mountains
2014-15|18902|12th Grade|14|9|5|0|9|0|0|2|1|1|1|0|14|0|0|0|14|1|13|10|4|1|13|0|14|3|11|0|14|1|13|Suquamish Tribal Education Department|West Sound STEM
2014-15|18400|12th Grade|539|251|288|0|11|23|5|50|2|49|399|7|532|0|538|0|539|11|528|149|390|9|530|0|539|25|514|11|528|67|472|North Kitsap|West Sound STEM
2014-15|18401|12th Grade|991|477|514|0|4|71|28|79|9|166|634|10|981|0|989|0|991|28|963|285|706|0|991|0|991|31|960|46|945|149|842|Central Kitsap|West Sound STEM
2014-15|18402|12th Grade|880|413|467|0|10|31|13|99|12|117|598|3|877|0|872|26|854|45|835|395|485|0|880|0|880|46|834|49|831|123|757|South Kitsap|West Sound STEM
2014-15|18303|12th Grade|348|173|175|0|2|9|4|14|0|21|298|2|346|0|0|25|323|1|347|38|310|0|348|0|348|8|340|30|318|29|319|Bainbridge Island|West Sound STEM
2014-15|25101|12th Grade|69|32|37|0|2|1|0|13|0|3|50|3|66|0|0|3|66|5|64|45|24|7|62|0|69|4|65|4|65|11|58|Ocean Beach|ESD 112
2014-15|25155|12th Grade|57|10|47|0|0|0|3|20|0|3|31|0|57|0|0|0|57|0|57|15|42|5|52|0|57|27|30|1|56|8|49|Naselle-Grays River Valley|ESD 112
2015-16|05121|12th Grade|359|168|191|0|12|7|6|21|0|25|288|2|357|0|355|0|359|8|351|176|183|0|359|0|359|37|322|26|333|49|310|Port Angeles|West Sound STEM
2015-16|05313|12th Grade|13|10|3|0|0|0|0|0|0|1|12|0|13|0|0|0|13|0|13|8|5|0|13|0|13|1|12|0|13|2|11|Crescent|West Sound STEM
2015-16|05323|12th Grade|272|121|151|0|1|7|4|19|0|18|223|1|271|0|272|16|256|16|256|106|166|0|272|0|272|15|257|10|262|33|239|Sequim|West Sound STEM
2015-16|05401|12th Grade|36|17|19|0|12|0|0|7|0|11|6|0|36|0|0|0|36|1|35|24|12|0|36|0|36|0|36|1|35|3|33|Cape Flattery|West Sound STEM
2015-16|06098|12th Grade|184|92|92|0|0|7|3|8|0|2|164|0|184|0|0|8|176|0|184|35|149|0|184|0|184|6|178|4|180|17|167|Hockinson|ESD 112
2015-16|07002|12th Grade|29|20|9|0|1|0|0|7|0|0|21|0|29|0|0|0|29|0|29|18|11|0|29|0|29|3|26|4|25|5|24|Dayton|United Way of the Blue Mountains
2015-16|08401|12th Grade|100|42|58|0|1|0|2|6|1|4|86|1|99|0|0|2|98|3|97|47|53|0|100|0|100|12|88|3|97|21|79|Castle Rock|ESD 112
2015-16|16048|12th Grade|31|11|20|0|0|0|0|3|0|1|27|0|31|0|0|0|31|2|29|14|17|0|31|0|31|2|29|0|31|4|27|Quilcene|West Sound STEM
2015-16|30303|12th Grade|71|38|33|0|1|2|0|8|0|2|58|0|71|0|68|1|70|1|70|26|45|0|71|0|71|7|64|2|69|8|63|Stevenson-Carson|ESD 112
2015-16|35200|12th Grade|33|16|17|0|0|2|2|1|0|1|27|0|33|0|0|0|33|1|32|13|20|0|33|0|33|1|32|2|31|8|25|Wahkiakum|ESD 112
2015-16|36140|12th Grade|658|316|342|0|2|8|7|228|2|13|398|33|625|0|657|30|628|34|624|338|320|16|642|0|658|53|605|12|646|71|587|Walla Walla|United Way of the Blue Mountains
2015-16|36402|12th Grade|24|10|14|0|1|0|0|20|0|0|3|2|22|0|0|0|24|0|24|23|1|4|20|0|24|5|19|0|24|4|20|Prescott|United Way of the Blue Mountains
2015-16|20400|12th Grade|15|8|7|0|0|0|0|3|0|1|11|0|15|0|0|0|15|1|14|0|15|1|14|0|15|1|14|0|15|6|9|Trout Lake|ESD 112
2015-16|20401|12th Grade|4|2|2|0|0|0|0|0|0|0|4|0|4|0|0|0|4|0|4|1|3|0|4|0|4|1|3|0|4|0|4|Glenwood|ESD 112
2015-16|20402|12th Grade|8|4|4|0|0|0|0|0|0|0|8|0|8|0|0|0|8|1|7|5|3|0|8|0|8|0|8|0|8|2|6|Klickitat|ESD 112
2015-16|20405|12th Grade|99|43|56|0|2|2|1|23|0|1|70|2|97|0|0|0|99|0|99|33|66|2|97|0|99|11|88|6|93|17|82|White Salmon Valley|ESD 112
2015-16|20406|12th Grade|20|8|12|0|2|0|0|3|0|0|15|0|20|0|0|0|20|3|17|14|6|0|20|0|20|2|18|3|17|3|17|Lyle|ESD 112
2015-16|08402|12th Grade|83|40|43|0|1|2|1|2|0|3|74|1|82|0|0|0|83|3|80|27|56|0|83|0|83|4|79|9|74|10|73|Kalama|ESD 112
2015-16|18902|12th Grade|12|4|8|0|6|0|0|2|0|4|0|0|12|0|0|0|12|2|10|8|4|2|10|0|12|0|12|0|12|3|9|Suquamish Tribal Education Department|West Sound STEM
2015-16|18400|12th Grade|528|261|267|0|19|13|6|53|0|41|396|1|527|0|527|0|528|6|522|132|396|9|519|0|528|27|501|19|509|71|457|North Kitsap|West Sound STEM
2015-16|18401|12th Grade|920|406|514|0|5|60|28|92|10|135|590|10|910|0|916|1|919|16|904|259|661|1|919|0|920|29|891|52|868|147|773|Central Kitsap|West Sound STEM
2015-16|18402|12th Grade|844|390|454|0|9|31|17|85|11|86|605|5|839|0|839|23|821|48|796|361|483|0|844|0|844|56|788|51|793|114|730|South Kitsap|West Sound STEM
2015-16|18303|12th Grade|350|181|169|0|1|14|4|17|0|19|295|1|349|0|0|0|350|2|348|23|327|0|350|0|350|1|349|52|298|29|321|Bainbridge Island|West Sound STEM
2015-16|25101|12th Grade|76|31|45|0|0|1|0|13|0|4|58|2|74|0|0|6|70|7|69|42|34|6|70|0|76|3|73|4|72|12|64|Ocean Beach|ESD 112
2015-16|25155|12th Grade|59|9|50|0|2|2|8|9|0|1|37|0|59|0|0|1|58|0|59|38|21|4|55|0|59|29|30|0|59|20|39|Naselle-Grays River Valley|ESD 112
2015-16|16050|12th Grade|111|50|61|0|0|3|2|4|0|8|94|1|110|0|0|0|111|1|110|47|64|1|110|0|111|5|106|0|111|19|92|Port Townsend|West Sound STEM
2015-16|17210|12th Grade|2045|984|1061|0|16|281|298|456|78|167|749|77|1968|0|2041|83|1962|22|2023|1116|929|3|2042|0|2045|202|1843|58|1987|262|1783|Federal Way|Puget Sound ESD
2015-16|17401|12th Grade|1624|777|847|0|13|242|215|525|46|134|449|171|1453|10|1614|43|1581|74|1550|951|673|1|1623|0|1624|150|1474|70|1554|261|1363|Highline|Puget Sound ESD
2015-16|17406|12th Grade|220|109|111|0|1|71|50|51|10|7|30|56|164|0|220|10|210|19|201|166|54|0|220|0|220|11|209|3|217|21|199|Tukwila|Puget Sound ESD
2015-16|23403|12th Grade|212|102|110|0|1|7|3|30|2|20|149|10|202|0|211|9|203|15|197|99|113|0|212|0|212|25|187|16|196|36|176|North Mason|West Sound STEM
2016-17|07002|12th Grade|41|22|19|0|1|1|0|2|0|1|36|0|41|0|0|0|41|2|39|18|23|0|41|0|41|0|41|1|40|7|34|Dayton|United Way of the Blue Mountains
2016-17|08401|12th Grade|119|54|65|0|2|0|0|8|0|6|103|2|117|0|116|3|116|4|115|53|66|0|119|0|119|10|109|9|110|19|100|Castle Rock|ESD 112
2016-17|08402|12th Grade|70|40|30|0|2|2|1|4|0|5|56|1|69|0|0|0|70|1|69|24|46|0|70|0|70|2|68|5|65|10|60|Kalama|ESD 112
2016-17|05903|12th Grade|1|0|1|0|1|0|0|0|0|0|0|0|1|0|0|0|1|0|1|1|0|0|1|0|1|1|0|0|1|0|1|Quileute Tribal School District|West Sound STEM
2016-17|05121|12th Grade|324|173|151|0|10|3|2|23|0|27|259|7|317|0|319|0|324|11|313|156|168|0|324|0|324|18|306|12|312|34|290|Port Angeles|West Sound STEM
2016-17|05313|12th Grade|15|8|7|0|0|0|0|0|0|4|11|0|15|0|0|0|15|1|14|9|6|0|15|0|15|0|15|0|15|3|12|Crescent|West Sound STEM
2016-17|05323|12th Grade|283|143|140|0|5|10|3|22|0|16|227|1|282|0|283|6|277|26|257|119|164|0|283|3|280|14|269|10|273|30|253|Sequim|West Sound STEM
2016-17|05401|12th Grade|35|18|17|0|11|0|0|5|0|12|7|0|35|0|0|0|35|1|34|20|15|0|35|0|35|1|34|2|33|5|30|Cape Flattery|West Sound STEM
2016-17|06098|12th Grade|139|61|78|0|1|4|1|4|0|1|128|0|139|0|0|7|132|1|138|23|116|0|139|0|139|5|134|5|134|17|122|Hockinson|ESD 112
2016-17|16048|12th Grade|18|5|13|0|1|0|0|1|0|1|15|0|18|0|0|1|17|2|16|11|7|0|18|0|18|1|17|3|15|3|15|Quilcene|West Sound STEM
2016-17|16050|12th Grade|135|64|71|0|2|1|0|9|0|10|113|1|134|0|0|0|135|3|132|61|74|0|135|0|135|6|129|1|134|24|111|Port Townsend|West Sound STEM
2016-17|20400|12th Grade|13|8|5|0|0|1|0|2|0|2|8|0|13|0|0|0|13|0|13|0|13|0|13|0|13|0|13|0|13|2|11|Trout Lake|ESD 112
2016-17|20401|12th Grade|2|0|2|0|0|0|0|0|0|0|2|0|2|0|0|0|2|0|2|0|2|0|2|0|2|0|2|0|2|0|2|Glenwood|ESD 112
2016-17|20402|12th Grade|6|4|2|0|0|0|0|0|0|1|5|0|6|0|0|0|6|0|6|4|2|0|6|0|6|1|5|0|6|0|6|Klickitat|ESD 112
2016-17|20405|12th Grade|84|35|49|0|0|1|0|31|0|0|52|4|80|0|0|0|84|2|82|34|50|2|82|0|84|4|80|4|80|17|67|White Salmon Valley|ESD 112
2016-17|20406|12th Grade|17|7|10|0|2|0|1|0|0|1|13|0|17|0|0|0|17|5|12|10|7|1|16|0|17|1|16|1|16|2|15|Lyle|ESD 112
2016-17|35200|12th Grade|32|24|8|0|0|1|2|6|0|1|22|0|32|0|32|0|32|1|31|12|20|0|32|0|32|2|30|1|31|2|30|Wahkiakum|ESD 112
2016-17|18902|12th Grade|15|4|11|0|5|0|0|4|0|3|3|0|15|0|0|0|15|0|15|9|6|1|14|0|15|0|15|1|14|5|10|Suquamish Tribal Education Department|West Sound STEM
2016-17|18400|12th Grade|524|257|267|0|22|23|3|56|1|51|368|15|509|0|524|0|524|14|510|138|386|4|520|31|493|21|503|21|503|57|467|North Kitsap|West Sound STEM
2016-17|18401|12th Grade|913|439|474|0|3|61|27|82|14|160|566|8|905|0|910|0|913|35|878|201|712|0|913|59|854|35|878|51|862|143|770|Central Kitsap|West Sound STEM
2016-17|18402|12th Grade|807|358|449|0|10|21|17|64|12|88|595|2|805|0|799|31|776|35|772|310|497|0|807|19|788|63|744|47|760|138|669|South Kitsap|West Sound STEM
2016-17|18303|12th Grade|348|161|187|0|0|15|1|25|0|22|285|0|348|0|0|0|348|1|347|24|324|0|348|6|342|3|345|38|310|29|319|Bainbridge Island|West Sound STEM
2016-17|25101|12th Grade|65|23|42|0|2|0|0|8|0|9|46|2|63|0|0|3|62|15|50|42|23|3|62|0|65|2|63|2|63|15|50|Ocean Beach|ESD 112
2016-17|25155|12th Grade|72|17|55|0|3|0|10|13|2|2|42|0|72|0|0|1|71|0|72|24|48|2|70|0|72|35|37|2|70|22|50|Naselle-Grays River Valley|ESD 112
2016-17|17210|12th Grade|2036|978|1058|0|16|267|294|494|80|194|691|125|1911|10|2026|91|1945|32|2004|1112|924|1|2035|0|2036|161|1875|69|1967|277|1759|Federal Way|Puget Sound ESD
2016-17|17401|12th Grade|1817|845|972|0|16|260|251|577|73|98|542|259|1558|15|1802|31|1786|119|1698|1053|764|3|1814|0|1817|168|1649|63|1754|318|1499|Highline|Puget Sound ESD
2016-17|17406|12th Grade|226|114|112|0|3|68|44|57|12|13|29|55|171|0|224|21|205|23|203|168|58|0|226|0|226|10|216|9|217|18|208|Tukwila|Puget Sound ESD
2016-17|23403|12th Grade|214|103|111|0|2|1|2|25|3|20|161|15|199|0|211|9|205|23|191|107|107|1|213|8|206|12|202|10|204|40|174|North Mason|West Sound STEM
2016-17|30303|12th Grade|85|32|53|0|1|3|0|11|1|2|67|4|81|0|84|1|84|6|79|41|44|0|85|0|85|4|81|5|80|11|74|Stevenson-Carson|ESD 112
2016-17|36140|12th Grade|648|346|302|0|3|6|10|210|1|22|396|23|625|0|647|34|614|27|621|337|311|13|635|1|647|58|590|20|628|78|570|Walla Walla|United Way of the Blue Mountains
2016-17|36402|12th Grade|16|6|10|0|0|0|0|12|0|0|4|1|15|0|0|0|16|0|16|14|2|1|15|0|16|1|15|0|16|0|16|Prescott|United Way of the Blue Mountains
2017-18|18402|12th Grade|825|397|428|0|7|30|9|87|16|90|586|6|819|0|819|38|787|45|780|302|523|0|825|28|797|52|773|58|767|125|700|South Kitsap|West Sound STEM
2017-18|18303|12th Grade|377|202|175|0|2|14|3|27|0|33|298|3|374|0|0|31|346|2|375|31|346|0|377|8|369|7|370|53|324|28|349|Bainbridge Island|West Sound STEM
2017-18|20400|12th Grade|13|2|11|0|0|0|0|3|0|1|9|1|12|0|0|1|12|0|13|0|13|0|13|0|13|0|13|0|13|1|12|Trout Lake|ESD 112
2017-18|20401|12th Grade|1|1|0|0|0|0|0|0|0|0|1|0|1|0|0|0|1|0|1|0|1|0|1|0|1|0|1|0|1|0|1|Glenwood|ESD 112
2017-18|20402|12th Grade|3|0|3|0|0|0|0|0|0|0|3|0|3|0|0|0|3|0|3|0|3|0|3|0|3|0|3|0|3|0|3|Klickitat|ESD 112
2017-18|08401|12th Grade|121|54|67|0|3|1|0|13|1|6|97|4|117|0|0|2|119|5|116|66|55|0|121|4|117|7|114|15|106|22|99|Castle Rock|ESD 112
2017-18|08402|12th Grade|86|40|46|0|0|1|2|8|1|3|71|0|86|0|0|0|86|3|83|22|64|0|86|0|86|2|84|6|80|6|80|Kalama|ESD 112
2017-18|17406|12th Grade|216|101|115|0|1|85|40|50|7|11|22|63|153|0|0|17|199|14|202|152|64|0|216|0|216|15|201|3|213|21|195|Tukwila|Puget Sound ESD
2017-18|18902|12th Grade|7|3|4|0|6|0|0|1|0|0|0|0|7|0|0|0|7|0|7|6|1|1|6|0|7|1|6|0|7|1|6|Suquamish Tribal Education Department|West Sound STEM
2017-18|18400|12th Grade|510|249|261|0|18|17|3|56|2|42|372|20|490|0|510|60|450|8|502|119|391|5|505|35|475|20|490|15|495|57|453|North Kitsap|West Sound STEM
2017-18|18401|12th Grade|923|474|449|0|2|45|25|104|7|169|570|15|908|0|920|54|869|41|882|265|658|0|923|23|900|39|884|64|859|145|778|Central Kitsap|West Sound STEM
2017-18|05313|12th Grade|19|10|9|0|0|0|0|1|0|3|15|0|19|0|0|0|19|0|19|12|7|0|19|0|19|2|17|1|18|2|17|Crescent|West Sound STEM
2017-18|05323|12th Grade|219|111|108|0|7|4|1|16|0|20|171|0|219|0|218|9|210|21|198|80|139|0|219|0|219|11|208|9|210|35|184|Sequim|West Sound STEM
2017-18|05401|12th Grade|38|24|14|0|17|0|0|6|0|7|8|0|38|0|0|0|38|1|37|23|15|1|37|0|38|1|37|3|35|5|33|Cape Flattery|West Sound STEM
2017-18|06098|12th Grade|198|93|105|0|1|5|2|11|0|4|175|1|197|0|0|23|175|1|197|32|166|0|198|1|197|4|194|12|186|25|173|Hockinson|ESD 112
2017-18|07002|12th Grade|30|11|19|0|2|1|0|3|0|0|24|0|30|0|0|0|30|1|29|16|14|0|30|1|29|3|27|1|29|6|24|Dayton|United Way of the Blue Mountains
2017-18|16048|12th Grade|23|10|13|0|0|0|0|1|0|3|19|0|23|0|0|2|21|2|21|11|12|0|23|0|23|0|23|0|23|7|16|Quilcene|West Sound STEM
2017-18|16050|12th Grade|108|61|47|0|0|2|0|9|0|9|88|3|105|0|108|5|103|1|107|45|63|0|108|0|108|4|104|1|107|13|95|Port Townsend|West Sound STEM
2017-18|17210|12th Grade|1957|957|1000|0|9|247|269|459|121|215|637|182|1775|0|1952|101|1856|32|1925|1045|912|0|1957|11|1946|171|1786|64|1893|255|1702|Federal Way|Puget Sound ESD
2017-18|17401|12th Grade|1924|913|1011|0|14|295|258|670|69|108|510|337|1587|15|1909|38|1886|125|1799|1067|857|0|1924|0|1924|213|1711|63|1861|296|1628|Highline|Puget Sound ESD
2017-18|05903|12th Grade|1|1|0|0|1|0|0|0|0|0|0|0|1|0|0|0|1|0|1|1|0|0|1|0|1|0|1|0|1|0|1|Quileute Tribal School District|West Sound STEM
2017-18|05121|12th Grade|317|170|147|0|10|5|5|27|0|28|242|5|312|0|315|0|317|7|310|141|176|0|317|8|309|21|296|11|306|39|278|Port Angeles|West Sound STEM
2017-18|20405|12th Grade|119|62|57|0|1|1|0|37|0|1|79|11|108|0|0|11|108|1|118|43|76|2|117|0|119|6|113|1|118|17|102|White Salmon Valley|ESD 112
2017-18|20406|12th Grade|24|9|15|0|0|0|1|7|0|2|14|2|22|0|0|0|24|5|19|15|9|1|23|0|24|1|23|1|23|2|22|Lyle|ESD 112
2017-18|25101|12th Grade|76|35|41|0|3|2|0|11|0|0|60|0|76|0|0|6|70|15|61|42|34|2|74|0|76|7|69|7|69|7|69|Ocean Beach|ESD 112
2017-18|25155|12th Grade|67|7|60|0|4|0|12|16|0|5|30|7|60|0|0|0|67|1|66|26|41|4|63|0|67|32|35|16|51|17|50|Naselle-Grays River Valley|ESD 112
2017-18|23403|12th Grade|219|92|127|0|2|1|2|28|2|12|172|14|205|0|218|6|213|18|201|108|111|2|217|18|201|17|202|13|206|25|194|North Mason|West Sound STEM
2017-18|30303|12th Grade|78|42|36|0|4|1|1|12|0|6|54|2|76|0|75|4|74|0|78|35|43|0|78|0|78|3|75|4|74|10|68|Stevenson-Carson|ESD 112
2017-18|35200|12th Grade|34|14|20|0|0|0|0|3|0|0|31|2|32|0|34|2|32|6|28|17|17|0|34|0|34|6|28|3|31|8|26|Wahkiakum|ESD 112
2017-18|36140|12th Grade|609|300|309|0|7|12|2|194|0|13|381|28|581|0|603|40|569|16|593|317|292|11|598|1|608|56|553|23|586|77|532|Walla Walla|United Way of the Blue Mountains
2017-18|36250|12th Grade|103|54|49|0|0|1|1|31|1|4|65|9|94|0|103|10|93|2|101|42|61|5|98|0|103|1|102|2|101|4|99|College Place|United Way of the Blue Mountains
2017-18|36402|12th Grade|16|10|6|0|0|0|0|16|0|0|0|2|14|0|0|0|16|0|16|15|1|1|15|0|16|1|15|0|16|1|15|Prescott|United Way of the Blue Mountains
2018-19|18402|12th Grade|869|430|439|0|9|35|19|120|20|92|574|18|851|11|858|48|821|45|824|323|546|0|869|42|827|59|810|57|812|144|725|South Kitsap|West Sound STEM
2018-19|18303|12th Grade|330|156|173|1|4|15|0|25|0|27|259|3|327|0|0|50|280|0|330|19|311|0|330|4|326|4|326|79|251|21|309|Bainbridge Island|West Sound STEM
2018-19|20400|12th Grade|12|4|8|0|1|1|0|1|0|1|8|0|12|0|0|0|12|0|12|0|12|0|12|0|12|0|12|0|12|1|11|Trout Lake|ESD 112
2018-19|20401|12th Grade|3|1|2|0|0|0|0|0|0|1|2|0|3|0|0|0|3|0|3|2|1|0|3|0|3|0|3|0|3|1|2|Glenwood|ESD 112
2018-19|20402|12th Grade|8|3|5|0|0|0|0|0|0|0|8|0|8|0|0|0|8|0|8|4|4|0|8|0|8|0|8|0|8|0|8|Klickitat|ESD 112
2018-19|08401|12th Grade|126|62|64|0|1|1|0|17|0|6|101|5|121|0|0|1|125|3|123|61|65|0|126|6|120|5|121|12|114|22|104|Castle Rock|ESD 112
2018-19|08402|12th Grade|84|34|50|0|1|1|3|5|0|4|70|0|84|0|0|0|84|2|82|27|57|0|84|0|84|6|78|5|79|13|71|Kalama|ESD 112
2018-19|18902|12th Grade|12|6|6|0|5|0|0|1|0|4|2|0|12|0|0|0|12|3|9|8|4|3|9|0|12|1|11|1|11|5|7|Suquamish Tribal Education Department|West Sound STEM
2018-19|18400|12th Grade|562|276|286|0|17|17|4|60|4|58|402|12|550|0|561|84|478|9|553|147|415|9|553|40|522|24|538|24|538|53|509|North Kitsap|West Sound STEM
2018-19|18401|12th Grade|926|434|492|0|1|70|26|129|9|153|538|13|913|0|923|55|871|41|885|336|590|0|926|106|820|48|878|50|876|129|797|Central Kitsap|West Sound STEM
2018-19|25101|12th Grade|68|36|32|0|1|0|0|9|0|5|53|1|67|0|0|9|59|17|51|41|27|2|66|0|68|2|66|11|57|8|60|Ocean Beach|ESD 112
2018-19|25155|12th Grade|85|12|73|0|0|3|9|23|1|5|44|9|76|0|0|0|85|1|84|24|61|7|78|0|85|40|45|24|61|30|55|Naselle-Grays River Valley|ESD 112
2018-19|05313|12th Grade|15|5|10|0|0|0|0|0|0|1|14|0|15|0|0|0|15|0|15|7|8|0|15|0|15|0|15|1|14|2|13|Crescent|West Sound STEM
2018-19|05323|12th Grade|238|115|123|0|8|7|3|27|0|17|176|1|237|0|237|14|224|10|228|93|145|0|238|1|237|11|227|8|230|39|199|Sequim|West Sound STEM
2018-19|05401|12th Grade|33|16|17|0|18|0|0|4|0|5|6|0|33|0|0|0|33|0|33|16|17|0|33|1|32|1|32|4|29|4|29|Cape Flattery|West Sound STEM
2018-19|06098|12th Grade|159|67|92|0|1|2|0|10|0|1|145|3|156|0|0|19|140|1|158|24|135|0|159|2|157|2|157|6|153|13|146|Hockinson|ESD 112
2018-19|07002|12th Grade|32|15|17|0|0|1|0|5|0|0|26|0|32|0|0|0|32|0|32|13|19|0|32|0|32|2|30|1|31|2|30|Dayton|United Way of the Blue Mountains
2018-19|16048|12th Grade|24|7|17|0|0|0|0|0|0|2|22|0|24|0|0|1|23|8|16|10|14|0|24|1|23|1|23|0|24|9|15|Quilcene|West Sound STEM
2018-19|16050|12th Grade|91|43|48|0|3|4|1|3|1|6|73|3|88|0|90|6|85|0|91|47|44|1|90|0|91|9|82|6|85|16|75|Port Townsend|West Sound STEM
2018-19|17210|12th Grade|1993|1003|989|1|10|270|316|538|100|188|571|218|1775|0|1987|125|1868|55|1938|1093|900|2|1991|18|1975|138|1855|59|1934|280|1713|Federal Way|Puget Sound ESD
2018-19|17401|12th Grade|1737|840|897|0|19|275|211|629|56|112|435|297|1440|10|1727|76|1661|100|1637|992|745|3|1734|0|1737|165|1572|73|1664|272|1465|Highline|Puget Sound ESD
2018-19|17406|12th Grade|239|102|136|1|2|71|53|61|10|17|25|60|179|0|238|18|221|29|210|170|69|1|238|0|239|12|227|3|236|30|209|Tukwila|Puget Sound ESD
2018-19|23403|12th Grade|218|92|126|0|4|1|2|47|0|2|162|15|203|0|218|2|216|18|200|101|117|0|218|11|207|12|206|12|206|33|185|North Mason|West Sound STEM
2018-19|05903|12th Grade|7|7|0|0|6|0|0|0|0|1|0|0|7|0|0|1|6|0|7|5|2|0|7|0|7|4|3|1|6|0|7|Quileute Tribal School District|West Sound STEM
2018-19|05121|12th Grade|324|158|166|0|15|6|1|29|1|27|245|9|315|0|322|27|297|9|315|147|177|0|324|1|323|19|305|31|293|34|290|Port Angeles|West Sound STEM
2018-19|20405|12th Grade|102|44|58|0|2|2|0|31|0|3|64|6|96|0|101|11|91|7|95|41|61|4|98|1|101|4|98|6|96|15|87|White Salmon Valley|ESD 112
2018-19|20406|12th Grade|21|10|11|0|1|0|0|4|0|2|14|0|21|0|0|0|21|4|17|12|9|1|20|0|21|3|18|0|21|1|20|Lyle|ESD 112
2018-19|30303|12th Grade|81|37|44|0|0|1|0|13|0|4|63|3|78|0|79|9|72|8|73|38|43|0|81|0|81|4|77|7|74|15|66|Stevenson-Carson|ESD 112
2018-19|35200|12th Grade|40|15|25|0|0|0|0|4|0|0|36|0|40|0|40|2|38|6|34|26|14|0|40|0|40|2|38|1|39|14|26|Wahkiakum|ESD 112
2018-19|36140|12th Grade|575|291|284|0|3|8|6|204|1|15|338|15|560|0|571|41|534|21|554|299|276|15|560|2|573|48|527|31|544|81|494|Walla Walla|United Way of the Blue Mountains
2018-19|36250|12th Grade|95|39|56|0|0|0|0|32|1|3|59|9|86|0|95|0|95|2|93|42|53|3|92|1|94|3|92|3|92|14|81|College Place|United Way of the Blue Mountains
2018-19|36402|12th Grade|17|9|8|0|0|0|0|16|0|0|1|3|14|0|0|0|17|0|17|17|0|3|14|0|17|0|17|0|17|0|17|Prescott|United Way of the Blue Mountains
2019-20|18902|12th Grade|15|8|7|0|8|0|0|1|0|6|0|0|15|0|0|0|15|0|15|15|0|4|11|0|15|0|15|1|14|4|11|Suquamish Tribal Education Department|West Sound STEM
2019-20|18400|12th Grade|478|254|224|0|23|18|2|49|0|49|337|16|462|0|478|77|401|9|469|138|340|5|473|26|452|16|462|20|458|62|416|North Kitsap|West Sound STEM
2019-20|18401|12th Grade|950|452|498|0|0|52|37|131|9|188|533|25|925|0|947|60|890|30|920|339|611|1|949|86|864|37|913|70|880|148|802|Central Kitsap|West Sound STEM
2019-20|18402|12th Grade|787|378|409|0|11|26|8|97|17|82|546|12|775|0|784|45|742|31|756|298|489|0|787|39|748|42|745|40|747|132|655|South Kitsap|West Sound STEM
2019-20|18303|12th Grade|377|167|210|0|1|9|2|35|0|35|295|10|367|0|0|48|329|2|375|32|345|0|377|7|370|6|371|94|283|28|349|Bainbridge Island|West Sound STEM
2019-20|25101|12th Grade|89|46|43|0|3|1|0|8|0|5|70|4|85|0|89|7|82|31|58|57|32|6|83|2|87|6|83|9|80|23|66|Ocean Beach|ESD 112
2019-20|25155|12th Grade|74|10|64|0|2|1|11|17|1|6|36|9|65|0|0|0|74|0|74|36|38|3|71|0|74|33|41|5|69|23|51|Naselle-Grays River Valley|ESD 112
2019-20|07002|12th Grade|28|14|14|0|2|0|0|4|0|2|20|0|28|0|0|0|28|2|26|18|10|0|28|0|28|3|25|2|26|7|21|Dayton|United Way of the Blue Mountains
2019-20|08401|12th Grade|132|65|67|0|3|0|0|17|0|7|105|2|130|0|132|1|131|7|125|63|69|0|132|3|129|10|122|11|121|26|106|Castle Rock|ESD 112
2019-20|08402|12th Grade|87|35|52|0|1|1|2|6|0|3|74|0|87|0|0|0|87|4|83|36|51|0|87|0|87|5|82|6|81|15|72|Kalama|ESD 112
2019-20|17401|12th Grade|1982|922|1058|2|25|329|294|762|67|90|415|376|1606|0|1977|62|1920|102|1880|1146|836|3|1979|0|1982|169|1813|0|1982|284|1698|Highline|Puget Sound ESD
2019-20|17406|12th Grade|267|145|121|1|0|97|69|52|9|13|27|66|201|0|266|17|250|11|256|178|89|0|267|0|267|16|251|9|258|34|233|Tukwila|Puget Sound ESD
2019-20|23403|12th Grade|214|97|117|0|4|2|1|35|1|9|162|20|194|0|214|5|209|19|195|105|109|1|213|12|202|18|196|14|200|31|183|North Mason|West Sound STEM
2019-20|05903|12th Grade|8|2|6|0|8|0|0|0|0|0|0|0|8|0|0|0|8|0|8|8|0|0|8|0|8|1|7|0|8|3|5|Quileute Tribal School District|West Sound STEM
2019-20|05121|12th Grade|325|157|165|3|11|9|2|28|0|36|239|5|320|0|324|32|293|9|316|150|175|1|324|0|325|19|306|25|300|44|281|Port Angeles|West Sound STEM
2019-20|05313|12th Grade|21|12|9|0|2|0|0|1|0|3|15|0|21|0|0|0|21|1|20|17|4|0|21|0|21|0|21|0|21|4|17|Crescent|West Sound STEM
2019-20|05323|12th Grade|211|106|105|0|6|5|0|23|0|9|168|3|208|0|209|16|195|8|203|80|131|1|210|0|211|9|202|16|195|36|175|Sequim|West Sound STEM
2019-20|05401|12th Grade|27|10|17|0|10|0|0|6|0|4|7|0|27|0|0|0|27|0|27|21|6|0|27|0|27|1|26|3|24|7|20|Cape Flattery|West Sound STEM
2019-20|06098|12th Grade|187|87|100|0|1|5|1|10|0|5|165|2|185|0|0|32|155|0|187|24|163|0|187|1|186|7|180|10|177|17|170|Hockinson|ESD 112
2019-20|16048|12th Grade|22|11|11|0|2|0|0|1|0|2|17|0|22|0|0|0|22|0|22|11|11|0|22|0|22|3|19|1|21|6|16|Quilcene|West Sound STEM
2019-20|16050|12th Grade|94|41|53|0|1|4|2|7|0|5|75|4|90|0|0|2|92|4|90|43|51|0|94|1|93|2|92|6|88|13|81|Port Townsend|West Sound STEM
2019-20|17210|12th Grade|1875|959|915|1|17|245|262|502|107|199|543|228|1647|0|1869|169|1706|65|1810|1060|815|3|1872|11|1864|119|1756|52|1823|279|1596|Federal Way|Puget Sound ESD
2019-20|30303|12th Grade|66|33|33|0|1|2|0|6|0|3|54|0|66|0|64|7|59|5|61|32|34|0|66|0|66|2|64|5|61|11|55|Stevenson-Carson|ESD 112
2019-20|20400|12th Grade|11|9|2|0|0|0|0|2|0|0|9|1|10|0|0|2|9|0|11|0|11|0|11|0|11|0|11|0|11|2|9|Trout Lake|ESD 112
2019-20|20401|12th Grade|8|6|2|0|0|0|0|0|0|2|6|0|8|0|0|0|8|1|7|4|4|0|8|0|8|1|7|0|8|0|8|Glenwood|ESD 112
2019-20|20402|12th Grade|7|4|3|0|0|0|0|0|0|2|5|0|7|0|0|0|7|0|7|2|5|0|7|0|7|0|7|0|7|2|5|Klickitat|ESD 112
2019-20|20405|12th Grade|106|49|57|0|0|1|0|36|0|3|66|5|101|0|0|8|98|6|100|48|58|4|102|2|104|4|102|6|100|16|90|White Salmon Valley|ESD 112
2019-20|20406|12th Grade|22|14|8|0|2|0|0|7|0|1|12|3|19|0|0|0|22|4|18|18|4|1|21|0|22|2|20|0|22|1|21|Lyle|ESD 112
2019-20|35200|12th Grade|43|18|25|0|1|2|0|2|0|3|35|2|41|0|43|2|41|10|33|30|13|0|43|1|42|3|40|4|39|10|33|Wahkiakum|ESD 112
2019-20|36140|12th Grade|585|299|285|1|3|6|5|237|0|16|318|33|552|0|582|41|544|26|559|333|252|14|571|4|581|29|556|26|559|78|507|Walla Walla|United Way of the Blue Mountains
2019-20|36250|12th Grade|141|64|77|0|2|1|1|51|1|11|74|12|129|0|140|7|134|8|133|64|77|7|134|0|141|7|134|8|133|22|119|College Place|United Way of the Blue Mountains
2019-20|36402|12th Grade|23|12|11|0|0|0|0|19|0|0|4|2|21|0|0|0|23|0|23|23|0|1|22|0|23|1|22|0|23|2|21|Prescott|United Way of the Blue Mountains
2020-21|07002|12th Grade|42|25|17|0|1|0|0|8|0|1|32|0|42|0|0|0|42|4|38|19|23|0|42|0|42|7|35|0|42|5|37|Dayton|United Way of the Blue Mountains
2020-21|08401|12th Grade|109|54|55|0|0|1|1|9|0|4|94|3|106|0|109|0|109|4|105|52|57|0|109|2|107|6|103|15|94|23|86|Castle Rock|ESD 112
2020-21|08402|12th Grade|84|30|54|0|0|1|0|5|0|2|76|0|84|0|0|5|79|4|80|27|57|0|84|1|83|3|81|5|79|14|70|Kalama|ESD 112
2020-21|17406|12th Grade|220|107|111|2|3|75|44|56|10|10|22|63|157|0|0|9|211|10|210|131|89|0|220|0|220|4|216|7|213|24|196|Tukwila|Puget Sound ESD
2020-21|23403|12th Grade|215|90|124|1|3|2|2|58|0|14|136|35|180|0|215|6|209|18|197|114|101|0|215|7|208|10|205|16|199|37|178|North Mason|West Sound STEM
2020-21|05903|12th Grade|7|1|6|0|4|0|0|0|0|2|1|0|7|0|0|0|7|0|7|6|1|0|7|0|7|0|7|0|7|3|4|Quileute Tribal School District|West Sound STEM
2020-21|05121|12th Grade|294|148|145|1|14|10|2|23|1|21|223|4|290|0|289|31|263|6|288|121|173|0|294|0|294|13|281|17|277|33|261|Port Angeles|West Sound STEM
2020-21|05313|12th Grade|14|5|9|0|0|0|0|0|0|0|14|0|14|0|0|0|14|0|14|6|8|0|14|0|14|1|13|0|14|0|14|Crescent|West Sound STEM
2020-21|05323|12th Grade|225|108|117|0|9|4|2|27|0|11|172|1|224|0|225|18|207|6|219|90|135|0|225|1|224|4|221|12|213|35|190|Sequim|West Sound STEM
2020-21|05401|12th Grade|44|25|19|0|20|0|0|7|0|12|5|0|44|0|0|0|44|0|44|29|15|0|44|0|44|0|44|8|36|2|42|Cape Flattery|West Sound STEM
2020-21|06098|12th Grade|159|76|83|0|0|4|1|6|0|4|144|3|156|0|0|17|142|0|159|16|143|0|159|1|158|3|156|10|149|10|149|Hockinson|ESD 112
2020-21|16048|12th Grade|27|13|14|0|0|1|0|1|0|3|22|1|26|0|0|0|27|0|27|16|11|0|27|2|25|0|27|2|25|7|20|Quilcene|West Sound STEM
2020-21|16050|12th Grade|104|56|48|0|0|1|0|10|0|5|88|0|104|0|104|7|97|3|101|48|56|0|104|1|103|5|99|9|95|18|86|Port Townsend|West Sound STEM
2020-21|17210|12th Grade|1865|919|944|2|11|250|263|562|109|200|470|260|1605|10|1855|157|1708|50|1815|1062|803|5|1860|9|1856|109|1756|79|1786|268|1597|Federal Way|Puget Sound ESD
2020-21|17401|12th Grade|1915|913|993|9|22|326|271|726|70|125|375|440|1475|16|1899|60|1855|109|1806|1176|739|2|1913|12|1903|114|1801|0|1915|292|1623|Highline|Puget Sound ESD
2020-21|30303|12th Grade|89|38|51|0|2|0|1|9|0|6|71|0|89|0|86|5|84|1|88|45|44|0|89|0|89|3|86|9|80|14|75|Stevenson-Carson|ESD 112
2020-21|36402|12th Grade|21|13|8|0|0|0|0|15|0|1|5|2|19|0|0|0|21|0|21|21|0|1|20|0|21|1|20|0|21|4|17|Prescott|United Way of the Blue Mountains
2020-21|20400|12th Grade|19|9|10|0|1|1|0|5|0|2|10|2|17|0|0|0|19|0|19|0|19|0|19|0|19|1|18|2|17|5|14|Trout Lake|ESD 112
2020-21|20401|12th Grade|6|2|4|0|0|0|0|0|0|2|4|0|6|0|0|0|6|0|6|2|4|0|6|0|6|1|5|0|6|0|6|Glenwood|ESD 112
2020-21|20402|12th Grade|1|0|1|0|0|0|0|0|0|0|1|0|1|0|0|0|1|0|1|0|1|0|1|1|0|0|1|0|1|0|1|Klickitat|ESD 112
2020-21|20405|12th Grade|94|51|43|0|0|1|0|32|0|3|58|9|85|0|0|7|87|0|94|35|59|1|93|2|92|2|92|2|92|16|78|White Salmon Valley|ESD 112
2020-21|20406|12th Grade|14|8|6|0|1|0|0|2|0|1|10|1|13|0|0|0|14|1|13|4|10|0|14|0|14|1|13|1|13|3|11|Lyle|ESD 112
2020-21|35200|12th Grade|63|25|38|0|1|1|2|4|0|4|51|2|61|0|0|4|59|8|55|35|28|0|63|1|62|4|59|5|58|15|48|Wahkiakum|ESD 112
2020-21|36140|12th Grade|534|272|261|1|3|6|5|206|0|16|298|41|493|0|530|33|501|29|505|296|238|8|526|2|532|35|499|34|500|81|453|Walla Walla|United Way of the Blue Mountains
2020-21|36250|12th Grade|138|61|77|0|1|0|1|49|1|6|80|16|122|0|138|9|129|5|133|69|69|6|132|1|137|9|129|5|133|25|113|College Place|United Way of the Blue Mountains
2020-21|18902|12th Grade|18|11|7|0|10|0|0|1|0|6|1|0|18|0|0|0|18|0|18|10|8|1|17|0|18|0|18|0|18|4|14|Suquamish Tribal Education Department|West Sound STEM
2020-21|18400|12th Grade|483|250|233|0|16|21|4|71|3|50|318|9|474|0|483|61|422|6|477|126|357|3|480|39|444|12|471|27|456|63|420|North Kitsap|West Sound STEM
2020-21|18401|12th Grade|961|475|486|0|2|66|25|137|7|150|574|29|932|0|960|90|871|23|938|272|689|1|960|22|939|12|949|53|908|152|809|Central Kitsap|West Sound STEM
2020-21|18402|12th Grade|910|450|460|0|11|36|18|107|16|93|629|14|896|0|905|53|857|24|886|275|635|0|910|52|858|61|849|83|827|139|771|South Kitsap|West Sound STEM
2020-21|18303|12th Grade|393|192|201|0|2|18|2|36|0|32|303|5|388|0|0|55|338|2|391|36|357|0|393|4|389|5|388|95|298|41|352|Bainbridge Island|West Sound STEM
2020-21|25101|12th Grade|80|40|40|0|1|1|0|10|0|7|61|5|75|0|80|2|78|19|61|51|29|5|75|3|77|4|76|5|75|20|60|Ocean Beach|ESD 112
2020-21|25155|12th Grade|68|9|59|0|1|0|14|17|1|4|31|12|56|0|0|1|67|3|65|32|36|3|65|0|68|33|35|3|65|25|43|Naselle-Grays River Valley|ESD 112
2021-22|20400|12th Grade|14|9|5|0|0|1|1|3|0|0|9|0|14|0|0|2|12|0|14|0|14|0|14|0|14|0|14|0|14|1|13|Trout Lake|ESD 112
2021-22|20401|12th Grade|1|0|1|0|0|0|0|0|0|0|1|0|1|0|0|0|1|0|1|0|1|0|1|0|1|0|1|0|1|0|1|Glenwood|ESD 112
2021-22|20402|12th Grade|6|4|2|0|0|0|0|1|0|0|5|0|6|0|0|0|6|0|6|2|4|0|6|0|6|0|6|0|6|0|6|Klickitat|ESD 112
2021-22|20405|12th Grade|104|45|59|0|1|0|0|38|0|1|64|14|90|0|0|0|104|3|101|42|62|3|101|1|103|5|99|10|94|23|81|White Salmon Valley|ESD 112
2021-22|20406|12th Grade|15|8|7|0|0|0|0|4|0|2|9|0|15|0|0|0|15|0|15|13|2|0|15|0|15|2|13|0|15|2|13|Lyle|ESD 112
2021-22|35200|12th Grade|46|22|24|0|0|0|0|2|0|2|42|1|45|0|0|12|34|5|41|26|20|0|46|0|46|4|42|4|42|11|35|Wahkiakum|ESD 112
2021-22|36140|12th Grade|575|284|288|3|4|5|6|225|4|20|311|34|541|0|568|37|538|20|555|338|237|9|566|6|569|44|531|37|538|83|492|Walla Walla|United Way of the Blue Mountains
2021-22|36250|12th Grade|143|66|76|1|0|1|2|59|0|4|77|15|128|0|0|7|136|9|134|77|66|8|135|4|139|6|137|8|135|23|120|College Place|United Way of the Blue Mountains
2021-22|18902|12th Grade|15|7|8|0|3|0|0|2|0|8|2|0|15|0|0|0|15|0|15|9|6|1|14|0|15|0|15|2|13|4|11|Suquamish Tribal Education Department|West Sound STEM
2021-22|18400|12th Grade|464|214|248|2|16|19|10|78|6|46|289|10|454|0|464|1|463|2|462|128|336|3|461|32|432|15|449|18|446|64|400|North Kitsap|West Sound STEM
2021-22|18401|12th Grade|958|475|481|2|3|69|36|125|10|178|537|25|933|0|954|73|885|19|939|288|670|1|957|71|887|33|925|62|896|164|794|Central Kitsap|West Sound STEM
2021-22|18402|12th Grade|966|444|520|2|15|39|25|101|28|106|652|18|948|0|962|44|922|43|923|287|679|0|966|50|916|88|878|106|860|152|814|South Kitsap|West Sound STEM
2021-22|18303|12th Grade|393|193|200|0|1|15|1|35|1|21|319|3|390|0|0|46|347|2|391|45|348|0|393|4|389|9|384|87|306|46|347|Bainbridge Island|West Sound STEM
2021-22|25155|12th Grade|51|10|41|0|3|2|6|10|1|1|28|8|43|0|0|3|48|1|50|23|28|6|45|0|51|17|34|2|49|14|37|Naselle-Grays River Valley|ESD 112
2021-22|07002|12th Grade|27|15|12|0|1|1|0|5|0|0|20|0|27|0|0|0|27|1|26|19|8|0|27|0|27|5|22|1|26|6|21|Dayton|United Way of the Blue Mountains
2021-22|08401|12th Grade|100|45|54|1|0|0|0|8|0|3|89|3|97|0|0|2|98|9|91|53|47|1|99|4|96|7|93|9|91|24|76|Castle Rock|ESD 112
2021-22|08402|12th Grade|84|31|53|0|1|0|0|5|2|4|72|0|84|0|0|9|75|2|82|27|57|0|84|0|84|1|83|4|80|16|68|Kalama|ESD 112
2021-22|17406|12th Grade|203|96|106|1|1|56|32|64|11|18|21|67|136|0|0|3|200|18|185|144|59|0|203|0|203|12|191|6|197|19|184|Tukwila|Puget Sound ESD
2021-22|23403|12th Grade|218|105|112|1|4|2|2|45|1|12|152|31|187|0|217|9|209|16|202|112|106|0|218|9|209|22|196|10|208|31|187|North Mason|West Sound STEM
2021-22|25101|12th Grade|87|36|51|0|1|2|0|15|0|3|66|4|83|0|0|0|87|20|67|60|27|4|83|1|86|6|81|9|78|19|68|Ocean Beach|ESD 112
2021-22|05903|12th Grade|11|4|7|0|8|0|1|1|0|0|1|0|11|0|0|0|11|0|11|11|0|0|11|0|11|1|10|0|11|4|7|Quileute Tribal School District|West Sound STEM
2021-22|05121|12th Grade|280|128|150|2|9|5|3|23|1|26|213|4|276|0|275|37|243|2|278|127|153|0|280|0|280|14|266|15|265|43|237|Port Angeles|West Sound STEM
2021-22|05313|12th Grade|19|6|13|0|2|0|0|1|0|3|13|0|19|0|0|0|19|2|17|13|6|0|19|0|19|0|19|1|18|1|18|Crescent|West Sound STEM
2021-22|05323|12th Grade|233|110|123|0|3|5|2|27|0|10|186|2|231|0|230|23|210|25|208|96|137|0|233|2|231|24|209|13|220|34|199|Sequim|West Sound STEM
2021-22|05401|12th Grade|36|24|12|0|18|0|1|7|0|5|5|0|36|0|0|10|26|2|34|24|12|0|36|1|35|2|34|3|33|1|35|Cape Flattery|West Sound STEM
2021-22|06098|12th Grade|168|87|80|1|1|5|2|5|0|7|148|3|165|0|0|22|146|1|167|32|136|0|168|0|168|3|165|10|158|10|158|Hockinson|ESD 112
2021-22|16048|12th Grade|25|12|13|0|0|0|0|4|0|3|18|0|25|0|0|0|25|0|25|10|15|0|25|0|25|0|25|3|22|8|17|Quilcene|West Sound STEM
2021-22|16050|12th Grade|96|50|44|2|2|0|1|4|0|6|83|1|95|0|94|6|90|2|94|39|57|0|96|1|95|2|94|9|87|19|77|Port Townsend|West Sound STEM
2021-22|17210|12th Grade|1825|886|936|3|10|233|285|565|91|189|452|291|1534|11|1814|262|1563|89|1736|1131|694|4|1821|9|1816|97|1728|84|1741|288|1537|Federal Way|Puget Sound ESD
2021-22|17401|12th Grade|1876|840|1029|7|17|303|291|733|55|108|369|497|1379|0|1871|61|1815|132|1744|1181|695|3|1873|23|1853|151|1725|0|1876|302|1574|Highline|Puget Sound ESD
2021-22|30303|12th Grade|53|26|27|0|1|0|0|7|0|1|44|0|53|0|53|4|49|1|52|25|28|0|53|0|53|3|50|3|50|13|40|Stevenson-Carson|ESD 112
2021-22|36402|12th Grade|13|9|4|0|0|0|0|11|0|0|2|2|11|0|0|0|13|0|13|12|1|2|11|0|13|0|13|0|13|3|10|Prescott|United Way of the Blue Mountains
2022-23|20400|12th Grade|13|7|6|0|0|1|0|2|0|1|9|0|13|0|0|5|8|0|13|3|10|0|13|0|13|0|13|0|13|1|12|Trout Lake|ESD 112
2022-23|20401|12th Grade|7|6|1|0|0|0|0|0|0|2|5|0|7|0|0|0|7|1|6|2|5|0|7|0|7|0|7|0|7|1|6|Glenwood|ESD 112
2022-23|20402|12th Grade|5|2|3|0|0|0|0|0|0|0|5|0|5|0|0|0|5|1|4|1|4|0|5|0|5|0|5|0|5|0|5|Klickitat|ESD 112
2022-23|20405|12th Grade|77|31|46|0|3|1|0|29|0|2|42|8|69|0|0|8|69|2|75|36|41|0|77|4|73|5|72|5|72|8|69|White Salmon Valley|ESD 112
2022-23|20406|12th Grade|19|9|10|0|1|0|0|4|0|0|14|2|17|0|0|0|19|1|18|14|5|0|19|0|19|1|18|0|19|3|16|Lyle|ESD 112
2022-23|35200|12th Grade|48|24|24|0|0|0|0|6|0|2|40|0|48|0|0|2|46|4|44|31|17|0|48|0|48|1|47|2|46|15|33|Wahkiakum|ESD 112
2022-23|36140|12th Grade|562|260|297|5|2|11|7|235|0|23|284|56|506|0|557|61|501|15|547|355|207|4|558|2|560|26|536|41|521|85|477|Walla Walla|United Way of the Blue Mountains
2022-23|36250|12th Grade|126|55|70|1|2|4|1|55|0|4|60|19|107|0|0|0|126|4|122|71|55|11|115|0|126|7|119|8|118|22|104|College Place|United Way of the Blue Mountains
2022-23|18902|12th Grade|15|7|8|0|6|0|0|1|0|6|2|0|15|0|0|0|15|0|15|10|5|0|15|0|15|0|15|0|15|2|13|Suquamish Tribal Education Department|West Sound STEM
2022-23|18400|12th Grade|464|222|238|4|12|15|4|71|4|38|320|19|445|0|463|79|385|9|455|136|328|2|462|26|438|19|445|33|431|54|410|North Kitsap|West Sound STEM
2022-23|18401|12th Grade|1035|513|519|3|3|59|29|144|23|170|607|46|989|0|1033|82|953|17|1018|364|671|1|1034|64|971|32|1003|59|976|151|884|Central Kitsap|West Sound STEM
2022-23|18402|12th Grade|724|347|362|15|5|41|12|89|10|86|481|13|711|0|718|49|675|46|678|317|407|1|723|44|680|32|692|62|662|120|604|South Kitsap|West Sound STEM
2022-23|18303|12th Grade|358|159|197|2|0|23|6|29|2|30|268|5|353|0|0|52|306|1|357|43|315|0|358|2|356|6|352|84|274|42|316|Bainbridge Island|West Sound STEM
2022-23|25101|12th Grade|86|47|39|0|0|0|0|8|0|6|72|1|85|0|0|6|80|8|78|56|30|1|85|1|85|6|80|8|78|15|71|Ocean Beach|ESD 112
2022-23|25155|12th Grade|24|10|14|0|1|1|1|1|1|1|18|1|23|0|0|2|22|1|23|11|13|2|22|1|23|0|24|2|22|2|22|Naselle-Grays River Valley|ESD 112
2022-23|07002|12th Grade|25|13|12|0|0|1|0|5|0|0|19|0|25|0|0|0|25|0|25|16|9|0|25|0|25|2|23|1|24|7|18|Dayton|United Way of the Blue Mountains
2022-23|08401|12th Grade|106|55|51|0|3|0|0|15|0|4|84|4|102|0|0|1|105|7|99|53|53|0|106|1|105|4|102|14|92|18|88|Castle Rock|ESD 112
2022-23|08402|12th Grade|97|46|51|0|2|1|1|13|0|4|76|1|96|0|0|3|94|3|94|37|60|0|97|1|96|4|93|6|91|19|78|Kalama|ESD 112
2022-23|17406|12th Grade|218|99|117|2|1|60|46|68|11|14|18|64|154|0|0|1|217|18|200|170|48|1|217|0|218|5|213|8|210|24|194|Tukwila|Puget Sound ESD
2022-23|23403|12th Grade|220|116|104|0|2|4|0|55|0|12|147|26|194|0|219|8|212|19|201|84|136|0|220|12|208|16|204|17|203|26|194|North Mason|West Sound STEM
2022-23|05903|12th Grade|17|9|8|0|10|0|0|3|0|2|2|0|17|0|0|0|17|0|17|17|0|0|17|1|16|3|14|1|16|3|14|Quileute Tribal School District|West Sound STEM
2022-23|05121|12th Grade|273|138|132|3|9|4|4|33|0|27|196|1|272|0|270|40|233|6|267|152|121|0|273|2|271|17|256|13|260|45|228|Port Angeles|West Sound STEM
2022-23|05313|12th Grade|22|16|6|0|3|0|0|2|0|2|15|0|22|0|0|0|22|0|22|16|6|0|22|0|22|0|22|1|21|5|17|Crescent|West Sound STEM
2022-23|05323|12th Grade|208|109|98|1|2|4|3|26|1|17|155|1|207|0|207|21|187|8|200|89|119|0|208|3|205|12|196|23|185|20|188|Sequim|West Sound STEM
2022-23|05401|12th Grade|27|8|19|0|13|0|0|6|0|6|2|0|27|0|0|6|21|2|25|22|5|0|27|0|27|1|26|2|25|1|26|Cape Flattery|West Sound STEM
2022-23|06098|12th Grade|170|80|90|0|0|4|2|12|3|12|137|3|167|0|0|18|152|1|169|37|133|0|170|0|170|4|166|13|157|16|154|Hockinson|ESD 112
2022-23|16048|12th Grade|25|12|13|0|0|0|0|1|0|2|22|0|25|0|0|1|24|0|25|11|14|0|25|1|24|1|24|2|23|5|20|Quilcene|West Sound STEM
2022-23|16050|12th Grade|138|69|69|0|1|4|0|15|0|11|107|1|137|0|0|14|124|8|130|64|74|0|138|1|137|2|136|13|125|16|122|Port Townsend|West Sound STEM
2022-23|17210|12th Grade|1751|856|890|5|8|238|249|616|99|168|373|335|1416|0|1746|219|1532|113|1638|1216|535|3|1748|13|1738|104|1647|61|1690|251|1500|Federal Way|Puget Sound ESD
2022-23|17401|12th Grade|1655|805|835|15|10|260|225|664|61|139|296|465|1190|0|1650|57|1598|128|1527|1119|536|2|1653|24|1631|82|1573|65|1590|305|1350|Highline|Puget Sound ESD
2022-23|30303|12th Grade|52|22|30|0|0|0|1|13|0|1|37|2|50|0|49|4|48|0|52|30|22|1|51|0|52|5|47|3|49|9|43|Stevenson-Carson|ESD 112
2022-23|36402|12th Grade|17|7|10|0|0|0|0|14|0|0|3|2|15|0|0|0|17|0|17|10|7|0|17|0|17|0|17|0|17|2|15|Prescott|United Way of the Blue Mountains
2023-24|05903|12th Grade|13|9|4|0|7|0|0|4|0|0|2|0|13|0|0|0|13|0|13|11|2|0|13|1|12|1|12|0|13|5|8|Quileute Tribal School District|West Sound STEM
2023-24|05121|12th Grade|303|127|173|3|14|9|1|33|0|29|217|3|300|0|302|46|257|17|286|183|120|0|303|3|300|7|296|20|283|40|263|Port Angeles|West Sound STEM
2023-24|20400|12th Grade|18|9|9|0|0|0|0|4|0|1|13|0|18|0|0|2|16|1|17|3|15|0|18|0|18|1|17|2|16|1|17|Trout Lake|ESD 112
2023-24|20401|12th Grade|6|4|2|0|1|0|0|0|0|2|3|0|6|0|0|0|6|0|6|2|4|0|6|0|6|0|6|0|6|0|6|Glenwood|ESD 112
2023-24|20402|12th Grade|6|2|4|0|1|0|0|0|0|0|5|0|6|0|0|0|6|0|6|2|4|0|6|0|6|1|5|1|5|1|5|Klickitat|ESD 112
2023-24|20405|12th Grade|89|32|57|0|1|2|0|36|0|4|46|13|76|0|0|8|81|1|88|41|48|0|89|1|88|4|85|11|78|14|75|White Salmon Valley|ESD 112
2023-24|20406|12th Grade|15|9|6|0|1|0|0|5|0|2|7|1|14|0|0|0|15|1|14|7|8|0|15|0|15|0|15|0|15|3|12|Lyle|ESD 112
2023-24|35200|12th Grade|44|21|23|0|1|1|0|4|0|6|32|2|42|0|0|3|41|3|41|22|22|0|44|1|43|0|44|3|41|2|42|Wahkiakum|ESD 112
2023-24|36140|12th Grade|580|252|326|2|4|9|4|242|1|27|293|45|535|0|578|37|543|26|554|387|193|8|572|5|575|19|561|47|533|93|487|Walla Walla|United Way of the Blue Mountains
2023-24|36250|12th Grade|131|62|67|2|0|3|3|58|0|4|63|17|114|0|0|0|131|5|126|74|57|14|117|2|129|7|124|13|118|18|113|College Place|United Way of the Blue Mountains
2023-24|18902|12th Grade|12|5|7|0|8|0|0|0|0|3|1|0|12|0|0|0|12|0|12|8|4|1|11|0|12|0|12|0|12|1|11|Suquamish Tribal Education Department|West Sound STEM
2023-24|18400|12th Grade|481|234|244|3|17|22|7|87|3|48|297|24|457|0|481|67|414|6|475|157|324|3|478|42|439|13|468|39|442|56|425|North Kitsap|West Sound STEM
2023-24|18401|12th Grade|928|442|478|8|3|60|30|118|10|152|555|46|882|0|926|80|848|24|904|338|590|1|927|58|870|26|902|79|849|144|784|Central Kitsap|West Sound STEM
2023-24|18402|12th Grade|739|351|382|6|9|35|8|109|13|81|484|21|718|0|737|48|691|39|700|329|410|0|739|32|707|28|711|82|657|129|610|South Kitsap|West Sound STEM
2023-24|18303|12th Grade|336|153|183|0|1|13|4|24|2|32|260|1|335|0|0|40|296|3|333|43|293|0|336|4|332|4|332|83|253|41|295|Bainbridge Island|West Sound STEM
2023-24|08401|12th Grade|104|49|53|2|3|1|0|10|0|3|87|1|103|0|104|4|100|4|100|54|50|0|104|2|102|4|100|7|97|14|90|Castle Rock|ESD 112
2023-24|08402|12th Grade|88|38|50|0|1|2|0|9|0|2|74|0|88|0|0|4|84|2|86|29|59|0|88|0|88|3|85|4|84|10|78|Kalama|ESD 112
2023-24|17406|12th Grade|198|94|102|2|1|50|50|70|4|5|17|71|127|0|0|5|193|7|191|149|49|2|196|0|198|7|191|5|193|22|176|Tukwila|Puget Sound ESD
2023-24|23403|12th Grade|189|80|109|0|7|0|0|47|2|12|121|25|164|0|187|7|182|13|176|70|119|0|189|7|182|9|180|6|183|35|154|North Mason|West Sound STEM
2023-24|25101|12th Grade|92|38|54|0|0|0|1|21|0|4|66|6|86|0|0|2|90|14|78|59|33|4|88|2|90|4|88|10|82|11|81|Ocean Beach|ESD 112
2023-24|25155|12th Grade|25|15|10|0|1|0|0|4|0|0|20|1|24|0|0|2|23|3|22|17|8|5|20|0|25|1|24|2|23|3|22|Naselle-Grays River Valley|ESD 112
2023-24|05313|12th Grade|18|6|12|0|4|1|0|2|0|1|10|0|18|0|0|0|18|0|18|11|7|0|18|0|18|1|17|1|17|4|14|Crescent|West Sound STEM
2023-24|05323|12th Grade|216|116|99|1|4|1|1|26|0|19|165|0|216|0|0|21|195|17|199|112|104|1|215|3|213|15|201|18|198|32|184|Sequim|West Sound STEM
2023-24|05401|12th Grade|28|15|13|0|10|1|0|7|0|7|3|0|28|0|0|0|28|2|26|19|9|0|28|1|27|2|26|2|26|6|22|Cape Flattery|West Sound STEM
2023-24|06098|12th Grade|171|82|88|1|1|3|2|15|0|10|140|1|170|0|0|17|154|1|170|40|131|0|171|0|171|5|166|10|161|17|154|Hockinson|ESD 112
2023-24|07002|12th Grade|30|15|15|0|0|0|0|7|0|1|22|0|30|0|0|0|30|3|27|14|16|0|30|0|30|0|30|3|27|5|25|Dayton|United Way of the Blue Mountains
2023-24|16048|12th Grade|22|6|16|0|1|1|0|0|0|1|19|0|22|0|0|2|20|0|22|13|9|0|22|0|22|1|21|2|20|5|17|Quilcene|West Sound STEM
2023-24|16050|12th Grade|117|57|60|0|1|2|1|15|0|7|91|3|114|0|0|21|96|8|109|57|60|0|117|0|117|4|113|17|100|14|103|Port Townsend|West Sound STEM
2023-24|17210|12th Grade|1822|918|896|8|7|244|292|616|93|179|391|404|1418|0|1820|199|1623|146|1676|1250|572|0|1822|13|1809|104|1718|77|1745|286|1536|Federal Way|Puget Sound ESD
2023-24|17401|12th Grade|1633|747|871|15|10|280|234|653|61|102|292|479|1154|0|1630|60|1573|150|1483|1027|606|1|1632|23|1610|74|1559|66|1567|266|1367|Highline|Puget Sound ESD
2023-24|30303|12th Grade|60|33|27|0|1|0|0|7|0|7|45|1|59|0|57|0|60|9|51|33|27|0|60|2|58|2|58|7|53|6|54|Stevenson-Carson|ESD 112
2023-24|36402|12th Grade|16|12|4|0|0|0|0|14|0|0|2|6|10|0|0|0|16|0|16|11|5|3|13|0|16|0|16|0|16|4|12|Prescott|United Way of the Blue Mountains
2024-25|05903|12th Grade|10|3|7|0|4|0|0|4|0|2|0|0|10|0|0|0|10|0|10|9|1|0|10|0|10|0|10|0|10|0|10|Quileute Tribal School District|West Sound STEM
2024-25|05121|12th Grade|315|130|178|7|13|4|6|24|0|37|231|4|311|0|312|33|282|7|308|160|155|0|315|6|309|22|293|17|298|49|266|Port Angeles|West Sound STEM
2024-25|05313|12th Grade|22|12|10|0|2|0|0|1|0|1|18|0|22|0|0|0|22|0|22|12|10|0|22|0|22|0|22|0|22|0|22|Crescent|West Sound STEM
2024-25|05323|12th Grade|190|91|97|2|0|2|1|31|1|13|142|3|187|0|190|18|172|18|172|92|98|0|190|4|186|4|186|15|175|21|169|Sequim|West Sound STEM
2024-25|05401|12th Grade|40|20|20|0|25|0|0|5|0|6|4|0|40|0|0|11|29|2|38|28|12|0|40|1|39|0|40|4|36|4|36|Cape Flattery|West Sound STEM
2024-25|20400|12th Grade|23|12|11|0|0|0|1|3|0|0|19|0|23|0|0|0|23|0|23|8|15|0|23|0|23|0|23|2|21|2|21|Trout Lake|ESD 112
2024-25|20401|12th Grade|11|3|8|0|3|0|0|2|0|2|4|0|11|0|0|0|11|0|11|6|5|0|11|0|11|1|10|0|11|6|5|Glenwood|ESD 112
2024-25|20402|12th Grade|3|2|1|0|0|0|0|0|0|0|3|0|3|0|0|0|3|0|3|1|2|0|3|0|3|1|2|0|3|0|3|Klickitat|ESD 112
2024-25|20405|12th Grade|112|50|62|0|3|2|0|29|1|4|73|7|105|0|0|11|101|4|108|42|70|1|111|2|110|4|108|8|104|11|101|White Salmon Valley|ESD 112
2024-25|20406|12th Grade|9|5|4|0|1|0|0|0|0|1|7|0|9|0|0|0|9|1|8|6|3|1|8|0|9|0|9|0|9|1|8|Lyle|ESD 112
2024-25|35200|12th Grade|30|17|13|0|0|0|0|5|0|1|24|4|26|0|0|0|30|5|25|15|15|0|30|0|30|1|29|0|30|5|25|Wahkiakum|ESD 112
2024-25|18400|12th Grade|484|235|239|10|16|23|6|85|2|47|305|24|460|0|484|85|399|11|473|149|335|10|474|41|443|15|469|39|445|64|420|North Kitsap|West Sound STEM
2024-25|18401|12th Grade|975|466|498|11|6|55|24|144|11|157|578|34|941|0|973|101|874|40|935|361|614|1|974|89|886|24|951|85|890|138|837|Central Kitsap|West Sound STEM
2024-25|18402|12th Grade|768|360|405|3|6|24|15|123|24|104|472|15|753|0|766|65|703|26|742|345|423|0|768|51|717|17|751|73|695|136|632|South Kitsap|West Sound STEM
2024-25|18303|12th Grade|357|159|195|3|1|23|3|42|1|32|255|7|350|0|0|49|308|2|355|52|305|0|357|1|356|4|353|88|269|35|322|Bainbridge Island|West Sound STEM
2024-25|25155|12th Grade|18|9|9|0|1|1|0|3|0|1|12|1|17|0|0|0|18|0|18|12|6|8|10|1|17|0|18|0|18|1|17|Naselle-Grays River Valley|ESD 112
2024-25|08401|12th Grade|90|44|46|0|2|1|0|4|1|7|75|2|88|0|0|2|88|1|89|44|46|0|90|2|88|5|85|6|84|14|76|Castle Rock|ESD 112
2024-25|08402|12th Grade|92|39|53|0|3|5|1|12|1|1|69|1|91|0|0|5|87|5|87|34|58|0|92|1|91|3|89|5|87|17|75|Kalama|ESD 112
2024-25|18902|12th Grade|13|4|9|0|4|0|0|0|0|7|2|0|13|0|0|0|13|0|13|8|5|0|13|0|13|1|12|1|12|1|12|Suquamish Tribal Education Department|West Sound STEM
2024-25|23403|12th Grade|222|95|127|0|4|3|2|56|2|15|140|20|202|0|222|5|217|23|199|122|100|0|222|7|215|15|207|16|206|39|183|North Mason|West Sound STEM
2024-25|25101|12th Grade|88|40|48|0|1|0|0|20|0|4|63|8|80|0|88|6|82|16|72|46|42|3|85|2|86|2|86|13|75|17|71|Ocean Beach|ESD 112
2024-25|06098|12th Grade|177|90|86|1|0|5|2|13|0|11|146|3|174|0|0|11|166|0|177|30|147|0|177|5|172|3|174|13|164|11|166|Hockinson|ESD 112
2024-25|07002|12th Grade|31|18|13|0|0|0|0|7|0|1|23|0|31|0|0|0|31|3|28|14|17|0|31|0|31|0|31|2|29|4|27|Dayton|United Way of the Blue Mountains
2024-25|16048|12th Grade|24|10|14|0|1|0|1|2|0|3|17|0|24|0|0|1|23|1|23|14|10|0|24|0|24|0|24|3|21|3|21|Quilcene|West Sound STEM
2024-25|16050|12th Grade|123|67|55|1|3|3|1|4|1|11|100|0|123|0|0|7|116|4|119|64|59|0|123|0|123|0|123|13|110|12|111|Port Townsend|West Sound STEM
2024-25|17210|12th Grade|1943|902|1025|16|4|286|311|638|100|208|396|489|1454|0|1941|199|1744|185|1758|1379|564|1|1942|17|1926|87|1856|96|1847|269|1674|Federal Way|Puget Sound ESD
2024-25|17401|12th Grade|1797|813|959|25|20|279|245|762|54|120|317|548|1249|0|1793|44|1753|188|1609|1074|723|2|1795|37|1760|87|1710|65|1732|296|1501|Highline|Puget Sound ESD
2024-25|17406|12th Grade|225|107|117|1|0|50|59|80|9|9|18|78|147|0|225|12|213|15|210|166|59|1|224|1|224|6|219|2|223|31|194|Tukwila|Puget Sound ESD
2024-25|30303|12th Grade|83|45|38|0|2|2|1|15|0|4|59|2|81|0|0|4|79|3|80|39|44|0|83|2|81|1|82|5|78|13|70|Stevenson-Carson|ESD 112
2024-25|36140|12th Grade|564|277|281|6|3|12|4|252|0|11|282|59|505|0|561|38|526|19|545|358|206|9|555|5|559|24|540|49|515|105|459|Walla Walla|United Way of the Blue Mountains
2024-25|36250|12th Grade|128|62|65|1|1|1|0|62|1|5|58|24|104|0|128|0|128|3|125|78|50|22|106|1|127|3|125|3|125|22|106|College Place|United Way of the Blue Mountains
2024-25|36402|12th Grade|20|10|10|0|0|0|0|16|0|0|4|6|14|0|0|0|20|0|20|13|7|0|20|0|20|0|20|0|20|0|20|Prescott|United Way of the Blue Mountains
